GSTIN of supplier,Trade/Legal name,Invoice number,Invoice type,Invoice Date,Invoice Value(₹),Place of supply,Supply Attract Reverse Charge,Taxable Value (₹),Integrated Tax(₹),Central Tax(₹),State/UT Tax(₹),Cess(₹),GSTR-1/IFF/GSTR-5 Period,GSTR-1/IFF/GSTR-5 Period,ITC Availability,Reason,Applicable % of Tax Rate,Source,IRN,IRN Date
22ADVPM0680Q1ZV,ANURAG MOMENTO HOUSE,AMH000001,Regular,01/04/2025,4012,Chhattisgarh,No,3400,0,306,306,0,Apr'25,13/05/2025,Yes,,100%,,,
22AABCB5803G1Z9,BOMBAY INTEGRATED SECURITY (INDIA) LIMITED,RAPR/25-26/189,Regular,31/05/2025,5706312.77,Chhattisgarh,No,4835858.28,0,435227.24,435227.24,0,May'25,10/06/2025,Yes,,100%,,,
29AAIFH5823Q1ZN,HIGH VACUUM PRODUCTS & INSTRUMENTS,001/25-26,Regular,06/05/2025,2930530,Chhattisgarh,No,2483500,447030,0,0,0,May'25,11/06/2025,Yes,,100%,,,
36AABCI2726B1Z3,INTER GLOBE AVIATION LIMITED INDIGO,TS1252605AF05404,Regular,02/05/2025,3333,Chhattisgarh,No,3174,159,0,0,0,May'25,11/06/2025,Yes,,100%,,,
36AABCI2726B1Z3,INTER GLOBE AVIATION LIMITED INDIGO,TS1252605AF45065,Regular,05/05/2025,3117,Chhattisgarh,No,2969,148,0,0,0,May'25,11/06/2025,Yes,,100%,,,
36AABCI2726B1Z3,INTER GLOBE AVIATION LIMITED INDIGO,TS1252605AG07372,Regular,08/05/2025,4559,Chhattisgarh,No,4342,217,0,0,0,May'25,11/06/2025,Yes,,100%,,,
36AABCI2726B1Z3,INTER GLOBE AVIATION LIMITED INDIGO,TS1252605AG10310,Regular,09/05/2025,5187,Chhattisgarh,No,4941,246,0,0,0,May'25,11/06/2025,Yes,,100%,,,
36AABCI2726B1Z3,INTER GLOBE AVIATION LIMITED INDIGO,TS1252605AG11592,Regular,09/05/2025,4838,Chhattisgarh,No,4608,230,0,0,0,May'25,11/06/2025,Yes,,100%,,,
36AABCI2726B1Z3,INTER GLOBE AVIATION LIMITED INDIGO,TS1252605AG15815,Regular,09/05/2025,199,Chhattisgarh,No,190,9,0,0,0,May'25,11/06/2025,Yes,,100%,,,
36AABCI2726B1Z3,INTER GLOBE AVIATION LIMITED INDIGO,TS1252605AG23689,Regular,09/05/2025,4838,Chhattisgarh,No,4608,230,0,0,0,May'25,11/06/2025,Yes,,100%,,,
36AABCI2726B1Z3,INTER GLOBE AVIATION LIMITED INDIGO,TS1252605AG57505,Regular,12/05/2025,5054,Chhattisgarh,No,4813,241,0,0,0,May'25,11/06/2025,Yes,,100%,,,
36AABCI2726B1Z3,INTER GLOBE AVIATION LIMITED INDIGO,TS1252605AG86922,Regular,14/05/2025,199,Chhattisgarh,No,190,9,0,0,0,May'25,11/06/2025,Yes,,100%,,,
36AABCI2726B1Z3,INTER GLOBE AVIATION LIMITED INDIGO,TS1252605AG97626,Regular,14/05/2025,4559,Chhattisgarh,No,4342,217,0,0,0,May'25,11/06/2025,Yes,,100%,,,
36AABCI2726B1Z3,INTER GLOBE AVIATION LIMITED INDIGO,TS1252605AH10802,Regular,15/05/2025,4838,Chhattisgarh,No,4608,230,0,0,0,May'25,11/06/2025,Yes,,100%,,,
36AABCI2726B1Z3,INTER GLOBE AVIATION LIMITED INDIGO,TS1252605AH18107,Regular,16/05/2025,3548,Chhattisgarh,No,3379,169,0,0,0,May'25,11/06/2025,Yes,,100%,,,
36AABCI2726B1Z3,INTER GLOBE AVIATION LIMITED INDIGO,TS1252605AH30076,Regular,16/05/2025,8173,Chhattisgarh,No,7784,389,0,0,0,May'25,11/06/2025,Yes,,100%,,,
36AABCI2726B1Z3,INTER GLOBE AVIATION LIMITED INDIGO,TS1252605AH34463,Regular,16/05/2025,199,Chhattisgarh,No,190,9,0,0,0,May'25,11/06/2025,Yes,,100%,,,
36AABCI2726B1Z3,INTER GLOBE AVIATION LIMITED INDIGO,TS1252605AI19251,Regular,22/05/2025,4495,Chhattisgarh,No,4281,214,0,0,0,May'25,11/06/2025,Yes,,100%,,,
36AABCI2726B1Z3,INTER GLOBE AVIATION LIMITED INDIGO,TS1252605AI20187,Regular,22/05/2025,4495,Chhattisgarh,No,4281,214,0,0,0,May'25,11/06/2025,Yes,,100%,,,
22DHFPM0811L1ZL,MAHEK FASHION,1386,Regular,17/02/2025,23888,Chhattisgarh,No,22750,0,568.75,568.75,0,Mar'25,14/05/2025,Yes,,100%,,,
22DHFPM0811L1ZL,MAHEK FASHION,1388,Regular,17/02/2025,21000,Chhattisgarh,No,20000,0,500,500,0,Mar'25,14/05/2025,Yes,,100%,,,
06AMJPG4260B1ZJ,MANIKARN SCIENTIFIC WORKS,41,Regular,02/05/2025,19116,Chhattisgarh,No,16200,2916,0,0,0,May'25,13/06/2025,Yes,,100%,,,
22AABAI0415K1Z7,Educational Institute,31,Regular,30/04/2025,4000,Chhattisgarh,No,3390,0,305.1,305.1,0,Apr'25,15/05/2025,Yes,,100%,,,
22AATPJ0073B1Z6,ANKUR INDUSTRIES,12,Regular,01/05/2025,18000,Chhattisgarh,No,15254.24,0,1372.88,1372.88,0,May'25,11/06/2025,Yes,,100%,,,
03AACCN6194P1ZZ,NATIONAL AVIATION COMPANY OF INDIA LTD (NORTHERN REGION),032612BP05AAD542,Regular,09/05/2025,7858,Chhattisgarh,No,6836,342,0,0,0,May'25,11/06/2025,Yes,,100%,,,
33AABCI2726B1Z9,INTERGLOBE AVIATION LIMITED,TN1252605AG10679,Regular,02/05/2025,3822,Chhattisgarh,No,3640,182,0,0,0,May'25,11/06/2025,Yes,,100%,,,
33AABCI2726B1Z9,INTERGLOBE AVIATION LIMITED,TN1252605AG75573,Regular,05/05/2025,3822,Chhattisgarh,No,3640,182,0,0,0,May'25,11/06/2025,Yes,,100%,,,
33AABCI2726B1Z9,INTERGLOBE AVIATION LIMITED,TN1252605AI43291,Regular,14/05/2025,6172,Chhattisgarh,No,5878,294,0,0,0,May'25,11/06/2025,Yes,,100%,,,
33AABCI2726B1Z9,INTERGLOBE AVIATION LIMITED,TN1252605AI49877,Regular,14/05/2025,199,Chhattisgarh,No,190,9,0,0,0,May'25,11/06/2025,Yes,,100%,,,
22AUMPK2686A1ZU,I K AIRCON,IK/05/124,Regular,15/05/2025,49413,Chhattisgarh,No,41875,0,3768.75,3768.75,0,May'25,11/06/2025,Yes,,100%,,,
05AOMPJ1066P2ZJ,THE MADDOX COMPANY,TMC/25-26/130167,Regular,08/05/2025,26494,Chhattisgarh,No,22452.53,4041.46,0,0,0,May'25,07/06/2025,Yes,,100%,,,
22AAJFH4719C2ZR,HOTEL VENKATESH INTERNATIONAL,4689PSHDR0000020,Regular,05/04/2025,2925,Chhattisgarh,No,2785.9,0,69.65,69.65,0,Apr'25,20/05/2025,Yes,,100%,,,
22AAJFH4719C2ZR,HOTEL VENKATESH INTERNATIONAL,4689PSHDR0000034,Regular,07/04/2025,2251,Chhattisgarh,No,2143.7,0,53.59,53.59,0,Apr'25,20/05/2025,Yes,,100%,,,
22AAJFH4719C2ZR,HOTEL VENKATESH INTERNATIONAL,4689PSHDR0000177,Regular,28/04/2025,2250,Chhattisgarh,No,2143,0,53.58,53.58,0,Apr'25,20/05/2025,Yes,,100%,,,
22AAJFH4719C2ZR,HOTEL VENKATESH INTERNATIONAL,4689PSHDR0000188,Regular,29/04/2025,3825,Chhattisgarh,No,3642.85,0,91.07,91.07,0,Apr'25,20/05/2025,Yes,,100%,,,
22ADBPT5215C1Z4,M/S LAXMI SURGICAL,LS00146,Regular,10/05/2025,23471.34,Chhattisgarh,No,20945.84,0,1262.75,1262.75,0,May'25,11/06/2025,Yes,,100%,,,
22AAIFM5731A1ZU,SUKHSAGAR,MG/MY009/2526,Regular,02/05/2025,4130,Chhattisgarh,No,3933.33,0,98.33,98.33,0,May'25,11/06/2025,Yes,,100%,E-Invoice,8f0785ec70fc8e7289d8e8018fdf576bc84a56af22c7335066a0013dfe408233,07/05/2025
23AAIPW4261F1ZO,M/S. SHIVAM ASSOCIATES,SA/16/25-26,Regular,13/05/2025,1390000,Chhattisgarh,No,1177966.1,212033.9,0,0,0,May'25,11/06/2025,Yes,,100%,,,
22ADEPB7546B2Z6,OM STATIONERY STORES,CR/2526/MA/02,Regular,01/05/2025,4820,Chhattisgarh,No,4220.96,0,299.53,299.53,0,May'25,11/06/2025,Yes,,100%,,,
22ADEPB7546B2Z6,OM STATIONERY STORES,CR/2526/MA/19,Regular,07/05/2025,900,Chhattisgarh,No,762.71,0,68.64,68.64,0,May'25,11/06/2025,Yes,,100%,,,
22ADEPB7546B2Z6,OM STATIONERY STORES,CR/2526/MA/21,Regular,08/05/2025,2900,Chhattisgarh,No,2589.3,0,155.36,155.36,0,May'25,11/06/2025,Yes,,100%,,,
22ADEPB7546B2Z6,OM STATIONERY STORES,CR/2526/MA/22,Regular,08/05/2025,6399,Chhattisgarh,No,5433.54,0,482.82,482.82,0,May'25,11/06/2025,Yes,,100%,,,
22ADEPB7546B2Z6,OM STATIONERY STORES,CR/2526/MA/28,Regular,14/05/2025,4960,Chhattisgarh,No,4235.17,0,362.41,362.41,0,May'25,11/06/2025,Yes,,100%,,,
22ADEPB7546B2Z6,OM STATIONERY STORES,CR/2526/MA/56,Regular,22/05/2025,1640,Chhattisgarh,No,1391.7,0,124.18,124.18,0,May'25,11/06/2025,Yes,,100%,,,
22ADEPB7546B2Z6,OM STATIONERY STORES,CSH/2526/MA/007,Regular,02/05/2025,600,Chhattisgarh,No,535.72,0,32.14,32.14,0,May'25,11/06/2025,Yes,,100%,,,
22ADEPB7546B2Z6,OM STATIONERY STORES,CSH/2526/MA/031,Regular,08/05/2025,4880,Chhattisgarh,No,4135.52,0,372.2,372.2,0,May'25,11/06/2025,Yes,,100%,,,
22ADEPB7546B2Z6,OM STATIONERY STORES,CSH/2526/MA/034,Regular,09/05/2025,80,Chhattisgarh,No,67.8,0,6.1,6.1,0,May'25,11/06/2025,Yes,,100%,,,
22ADEPB7546B2Z6,OM STATIONERY STORES,CSH/2526/MA/047,Regular,13/05/2025,625,Chhattisgarh,No,529.66,0,47.67,47.67,0,May'25,11/06/2025,Yes,,100%,,,
22ADEPB7546B2Z6,OM STATIONERY STORES,CSH/2526/MA/075,Regular,17/05/2025,2000,Chhattisgarh,No,1745.38,0,127.35,127.35,0,May'25,11/06/2025,Yes,,100%,,,
22ADEPB7546B2Z6,OM STATIONERY STORES,CSH/2526/MA/082,Regular,19/05/2025,680,Chhattisgarh,No,576.3,0,51.86,51.86,0,May'25,11/06/2025,Yes,,100%,,,
22ADEPB7546B2Z6,OM STATIONERY STORES,CSH/2526/MA/089,Regular,20/05/2025,250,Chhattisgarh,No,211.86,0,19.07,19.07,0,May'25,11/06/2025,Yes,,100%,,,
22ADEPB7546B2Z6,OM STATIONERY STORES,CSH/2526/MA/100,Regular,23/05/2025,3550,Chhattisgarh,No,3140.1,0,204.94,204.94,0,May'25,11/06/2025,Yes,,100%,,,
22AAATI0884Q1ZC,INDIAN COFEE WORKERS COOPERATIVE SOCIETIES LIMITED,NIT/C10/25-26,Regular,11/05/2025,9765,Chhattisgarh,No,9300,0,232.5,232.5,0,May'25,10/06/2025,Yes,,100%,E-Invoice,8b0e44a463a5c707ddaf13e0600dca3836f9516cb389eea8c7fa165f594b2975,14/05/2025
22AAATI0884Q1ZC,INDIAN COFEE WORKERS COOPERATIVE SOCIETIES LIMITED,NIT/C11/25-26,Regular,14/05/2025,1260,Chhattisgarh,No,1200,0,30,30,0,May'25,10/06/2025,Yes,,100%,E-Invoice,02cae868a6bb98b4e43f84f65e8f58bb9c0a6411b73eeb37ec67aeef51076f24,14/05/2025
22AAATI0884Q1ZC,INDIAN COFEE WORKERS COOPERATIVE SOCIETIES LIMITED,NIT/C12/25-26,Regular,14/05/2025,5250,Chhattisgarh,No,5000,0,125,125,0,May'25,10/06/2025,Yes,,100%,E-Invoice,7673280d56639b29c83620454968a6d771a212d9980cec96f1a93137d9d958a5,14/05/2025
22AAATI0884Q1ZC,INDIAN COFEE WORKERS COOPERATIVE SOCIETIES LIMITED,NIT/C13/25-26,Regular,14/05/2025,288,Chhattisgarh,No,273.96,0,6.85,6.85,0,May'25,10/06/2025,Yes,,100%,E-Invoice,e6726653b978b49d54bc4fd82d268b0158b8f687f49aba4529e9d7098a2a646f,14/05/2025
22AAATI0884Q1ZC,INDIAN COFEE WORKERS COOPERATIVE SOCIETIES LIMITED,NIT/C14/25-26,Regular,18/05/2025,4594,Chhattisgarh,No,4375,0,109.38,109.38,0,May'25,10/06/2025,Yes,,100%,E-Invoice,16d0c0df2f91411275010f06a8b56626dbb1209819504281d94cfaa1048fdfa9,21/05/2025
22AAATI0884Q1ZC,INDIAN COFEE WORKERS COOPERATIVE SOCIETIES LIMITED,NIT/C15/25-26,Regular,18/05/2025,19766,Chhattisgarh,No,18825,0,470.63,470.63,0,May'25,10/06/2025,Yes,,100%,E-Invoice,906d4d903a6eba0b2c419006d0bc7861f1e45bed70bbd99050b8e5a4c2723776,21/05/2025
22AAATI0884Q1ZC,INDIAN COFEE WORKERS COOPERATIVE SOCIETIES LIMITED,NIT/C17/25-26,Regular,25/05/2025,625,Chhattisgarh,No,595,0,14.88,14.88,0,May'25,10/06/2025,Yes,,100%,E-Invoice,d2fc3c10dc7eef0bef3772983bdd3091654f4e04a29d3c1b6a4a10d1590adafc,27/05/2025
22AAATI0884Q1ZC,INDIAN COFEE WORKERS COOPERATIVE SOCIETIES LIMITED,NIT/C18/25-26,Regular,25/05/2025,5675,Chhattisgarh,No,5405,0,135.13,135.13,0,May'25,10/06/2025,Yes,,100%,E-Invoice,14b04252c6ff151a2d7920f5d50cb0b5af32f4f7445adc1df76851f385fe2f1d,27/05/2025
22AAATI0884Q1ZC,INDIAN COFEE WORKERS COOPERATIVE SOCIETIES LIMITED,NIT/C19/25-26,Regular,27/05/2025,2667,Chhattisgarh,No,2540,0,63.51,63.51,0,May'25,10/06/2025,Yes,,100%,E-Invoice,c7ab3f73ec8b6156197aca4450418dfc163030d4ecd5df0a77a915cd70a4efb4,30/05/2025
22AAATI0884Q1ZC,INDIAN COFEE WORKERS COOPERATIVE SOCIETIES LIMITED,NIT/C20/25-26,Regular,27/05/2025,567,Chhattisgarh,No,540,0,13.5,13.5,0,May'25,10/06/2025,Yes,,100%,E-Invoice,540148166a2d4a74cb868fd39ec1d7cbb6b1bd236205068d2deffe6e81b1f589,30/05/2025
22AAATI0884Q1ZC,INDIAN COFEE WORKERS COOPERATIVE SOCIETIES LIMITED,NIT/C21/25-26,Regular,31/05/2025,1575,Chhattisgarh,No,1500,0,37.5,37.5,0,May'25,10/06/2025,Yes,,100%,E-Invoice,68d1d002c6c5d7f039b4b552be1ac9cfc90d3271cb287529318ae65bb9c81931,02/06/2025
22AAATI0884Q1ZC,INDIAN COFEE WORKERS COOPERATIVE SOCIETIES LIMITED,NIT/C22/25-26,Regular,31/05/2025,18900,Chhattisgarh,No,18000,0,450,450,0,May'25,10/06/2025,Yes,,100%,E-Invoice,5ccd702d845f73750e7d8146c6fad3019efbbd037759a16b30d0d13a2e3b9048,02/06/2025
22AAATI0884Q1ZC,INDIAN COFEE WORKERS COOPERATIVE SOCIETIES LIMITED,NIT/C23/25-26,Regular,31/05/2025,37221,Chhattisgarh,No,35449,0,886.23,886.23,0,May'25,10/06/2025,Yes,,100%,E-Invoice,ad84ba5dc0b17884d0fc6d52561d3af8e43882eab586406a983e5def699f669b,02/06/2025
22AAATI0884Q1ZC,INDIAN COFEE WORKERS COOPERATIVE SOCIETIES LIMITED,NIT/C9/25-26,Regular,10/05/2025,13493,Chhattisgarh,No,12850,0,321.25,321.25,0,May'25,10/06/2025,Yes,,100%,E-Invoice,be6c72387bc974c19957d862b2e7dfb9e0cd2066a566e845fd7ccfba54ecd056,14/05/2025
24HLTPS7722C1ZN,SYGMOS FINE CHEM,5,Regular,01/05/2025,8614,Chhattisgarh,No,7300,1314,0,0,0,May'25,11/06/2025,Yes,,100%,,,
22AAFFI8563D1ZJ,IDEAL CHEMICALS,2025-2026/0045,Regular,01/05/2025,2962,Chhattisgarh,No,2510,0,225.9,225.9,0,May'25,11/06/2025,Yes,,100%,,,
22AAGCS0166A2Z0,SINGHANIA SAROVAR PORTICO,BQ6641BIL0000037,Regular,04/05/2025,66150,Chhattisgarh,No,63000,0,1575,1575,0,May'25,04/06/2025,Yes,,100%,E-Invoice,0544725c45b26864f1d50d5cc7ea8ba1dade0164a161010a8bceac0247e90acb,05/05/2025
22ABJPV6722G1ZK,SHOBHA TELECOM,ST/24-25/6,Regular,28/03/2025,24426,Chhattisgarh,No,20700,0,1863,1863,0,Mar'25,20/05/2025,Yes,,100%,,,
23AABCI2726B1ZA,INTERGLOBE AVIATION LIMITED,MP1252605AB95914,Regular,06/05/2025,9963,Chhattisgarh,No,9488,475,0,0,0,May'25,11/06/2025,Yes,,100%,,,
23AABCI2726B1ZA,INTERGLOBE AVIATION LIMITED,MP1252605AC08218,Regular,08/05/2025,5336,Chhattisgarh,No,5082,254,0,0,0,May'25,11/06/2025,Yes,,100%,,,
23AABCI2726B1ZA,INTERGLOBE AVIATION LIMITED,MP1252605AC11544,Regular,08/05/2025,4085,Chhattisgarh,No,3890,195,0,0,0,May'25,11/06/2025,Yes,,100%,,,
23AABCI2726B1ZA,INTERGLOBE AVIATION LIMITED,MP1252605AC24063,Regular,11/05/2025,7798,Chhattisgarh,No,7427,371,0,0,0,May'25,11/06/2025,Yes,,100%,,,
23AABCI2726B1ZA,INTERGLOBE AVIATION LIMITED,MP1252605AC36461,Regular,13/05/2025,5582,Chhattisgarh,No,5316,266,0,0,0,May'25,11/06/2025,Yes,,100%,,,
36AAICB5677R1ZQ,BLD PHARMATECH (INDIA) PRIVATE LIMITED,ININD430894,Regular,17/05/2025,778,Chhattisgarh,No,659,118.62,0,0,0,May'25,11/06/2025,Yes,,100%,,,
36AAICB5677R1ZQ,BLD PHARMATECH (INDIA) PRIVATE LIMITED,ININD432377,Regular,21/05/2025,1847,Chhattisgarh,No,1565,281.7,0,0,0,May'25,11/06/2025,Yes,,100%,,,
22AVRPJ0057C1ZZ,DHANLAXMI ENTERPRISES,6,Regular,11/04/2025,4012,Chhattisgarh,No,3400,0,306,306,0,Apr'25,16/05/2025,Yes,,100%,,,
22AIIPB9260D1ZP,BHATIA BROTHERS,25-26/BHATIA-155,Regular,05/05/2025,1628,Chhattisgarh,No,1380,0,124.2,124.2,0,May'25,12/06/2025,Yes,,100%,,,
08AFFPM2809H1ZH,KOTA GLASS WORKS,83,Regular,17/05/2025,738,Chhattisgarh,No,625.5,112.59,0,0,0,May'25,11/06/2025,Yes,,100%,,,
23AACCS7900E1ZR,SCIENTIFIC MES TECHNIK PVT LTD,252610228,Regular,17/05/2025,38399.98,Chhattisgarh,No,32542.36,5857.62,0,0,0,May'25,10/06/2025,Yes,,100%,E-Invoice,9589277ab669b2a0c296c22283b4365ae9db7341ee97f253c7f239829bb7c1b5,17/05/2025
21AACCN6194P1Z1,AIR INDIA LIMITED,212612BP05AAA976,Regular,11/05/2025,7434,Chhattisgarh,No,5837,292,0,0,0,May'25,11/06/2025,Yes,,100%,,,
22AAHCE1695D1ZW,EXA TECHNOLOGY AND SOLUTIONS (OPC) PRIVATE LIMITED,EXA/25-26/1016,Regular,01/05/2025,43896,Chhattisgarh,No,37200,0,3348,3348,0,May'25,11/06/2025,Yes,,100%,,,
09AAGCT1132P1Z1,TURNITIN INDIA PRIVATE LIMITED,IN-TIN-04067,Regular,30/05/2025,1974671,Chhattisgarh,No,1673450,301221,0,0,0,May'25,11/06/2025,Yes,,100%,E-Invoice,e8ec29cee26434fd74e6300fbe36e123cf5d8062b864efd450e749fa4b7abfa0,30/05/2025
22AEQPP5800D1ZQ,KANHAS PAPER POINT,706,Regular,08/05/2025,480,Chhattisgarh,No,406.78,0,36.61,36.61,0,May'25,05/06/2025,Yes,,100%,,,
33AABFE0031C1ZJ,ELMACK ENGG SERVICES,EES2526-0156,Regular,22/05/2025,475575,Chhattisgarh,No,403029.66,72545.34,0,0,0,May'25,06/06/2025,Yes,,100%,E-Invoice,4f8c6cb177e5aebb7389ab7624bbb0210a876af9b38730a8dad649a81471b5cd,22/05/2025
27AAATI1446A1Z7,THE INDIAN INSTITUTE OF TECHNOLOGY  MUMBAI.,IITBINT252000415,Regular,05/05/2025,6195,Chhattisgarh,No,5250,945,0,0,0,May'25,11/06/2025,Yes,,100%,,,
27AAATI1446A1Z7,THE INDIAN INSTITUTE OF TECHNOLOGY  MUMBAI.,IITBINT252000423,Regular,05/05/2025,7670,Chhattisgarh,No,6500,1170,0,0,0,May'25,11/06/2025,Yes,,100%,E-Invoice,4be7f02b0a99d33a1167f64696b5aca26dddf7efe54e36cd1d0a6a1166203323,06/05/2025
27AAATI1446A1Z7,THE INDIAN INSTITUTE OF TECHNOLOGY  MUMBAI.,IITBINT252000436,Regular,06/05/2025,3540,Chhattisgarh,No,3000,540,0,0,0,May'25,11/06/2025,Yes,,100%,,,
22AKDPS9367B1Z5,ADITI H P GAS AGENCY,335/25-26,Regular,02/05/2025,11394,Chhattisgarh,No,9655.92,0,869.03,869.03,0,May'25,11/06/2025,Yes,,100%,E-Invoice,caae54df72c039978c19bcc636279e681cb223a6de7c6aa2c45f323430afda30,03/05/2025
22AKDPS9367B1Z5,ADITI H P GAS AGENCY,364/25-26,Regular,05/05/2025,18990,Chhattisgarh,No,16093.2,0,1448.39,1448.39,0,May'25,11/06/2025,Yes,,100%,E-Invoice,c0e98ed930b53585a783a84b0128bd8a6b069a591e0ede426559f40fd0eca060,05/05/2025
07ABPFA9466N1ZI,APEX SCIENTIFIC,APEX/2025-26/094,Regular,29/05/2025,10035,Chhattisgarh,No,8503.91,1530.7,0,0,0,May'25,07/06/2025,Yes,,100%,,,
07AABCH7095Q1ZU,HEICO DYNAMICS PRIVATE LIMITED,HD/DEL/25-26/057,Regular,22/05/2025,42480,Chhattisgarh,No,36000,6480,0,0,0,May'25,10/06/2025,Yes,,100%,,,
07AABCH7095Q1ZU,HEICO DYNAMICS PRIVATE LIMITED,HD/DEL/25-26/058,Regular,22/05/2025,42480,Chhattisgarh,No,36000,6480,0,0,0,May'25,10/06/2025,Yes,,100%,,,
07AABCH7095Q1ZU,HEICO DYNAMICS PRIVATE LIMITED,HD/DEL/25-26/059,Regular,22/05/2025,47200,Chhattisgarh,No,40000,7200,0,0,0,May'25,10/06/2025,Yes,,100%,,,
19AABCI2726B1ZZ,INTER GLOBE AVIATION LTD.,WB1252605AE61170,Regular,02/05/2025,7245,Chhattisgarh,No,6900,345,0,0,0,May'25,11/06/2025,Yes,,100%,,,
19AABCI2726B1ZZ,INTER GLOBE AVIATION LTD.,WB1252605AF51871,Regular,09/05/2025,7893,Chhattisgarh,No,7517,376,0,0,0,May'25,11/06/2025,Yes,,100%,,,
19AABCI2726B1ZZ,INTER GLOBE AVIATION LTD.,WB1252605AG09231,Regular,14/05/2025,5957,Chhattisgarh,No,5673,284,0,0,0,May'25,11/06/2025,Yes,,100%,,,
19AABCI2726B1ZZ,INTER GLOBE AVIATION LTD.,WB1252605AG35134,Regular,15/05/2025,7976,Chhattisgarh,No,7596,380,0,0,0,May'25,11/06/2025,Yes,,100%,,,
22AFLPA7419P1Z8,SARAL MEDICALS,DD000180,Regular,14/05/2025,14806.2,Chhattisgarh,No,12900.04,0,953.08,953.08,0,May'25,10/06/2025,Yes,,100%,,,
09AAXFR8294C1ZE,RAR LIFE SCIENCES,RLS/25-26/26,Regular,19/05/2025,2702200,Chhattisgarh,No,2290000,412200,0,0,0,May'25,10/06/2025,Yes,,100%,E-Invoice,59200b1e79c8972c81bbd5adeecbff2ba3a06187b804db270cbe6c25a3c02fd7,19/05/2025
22ADKFS1249Q1ZM,S S HYDRAULICS & PNEUMATICS,00417/25-26,Regular,14/05/2025,2125,Chhattisgarh,No,1801,0,162.09,162.09,0,May'25,07/06/2025,Yes,,100%,,,
22DZMPS2079P1ZJ,SHRI BALAJI MOBILE,2024-25/057,Regular,07/03/2025,20650,Chhattisgarh,No,17500,0,1575,1575,0,Mar'25,23/05/2025,Yes,,100%,,,
10AABCI2726B1ZH,INTERGLOBE AVIATION LIMITED,BR1252605AB48909,Regular,06/05/2025,4803,Chhattisgarh,No,4574,229,0,0,0,May'25,11/06/2025,Yes,,100%,,,
29AABCI2726B1ZY,INTERGLOBE AVIATION LIMITED,KA1252605AJ33604,Regular,06/05/2025,6869,Chhattisgarh,No,6542,327,0,0,0,May'25,11/06/2025,Yes,,100%,,,
29AABCI2726B1ZY,INTERGLOBE AVIATION LIMITED,KA1252605AL42258,Regular,14/05/2025,4755,Chhattisgarh,No,4529,226,0,0,0,May'25,11/06/2025,Yes,,100%,,,
29AABCI2726B1ZY,INTERGLOBE AVIATION LIMITED,KA1252605AL59206,Regular,15/05/2025,499,Chhattisgarh,No,475,24,0,0,0,May'25,11/06/2025,Yes,,100%,,,
29AABCI2726B1ZY,INTERGLOBE AVIATION LIMITED,KA1252605AL68123,Regular,15/05/2025,5723,Chhattisgarh,No,5450,273,0,0,0,May'25,11/06/2025,Yes,,100%,,,
21AABCI2726B1ZE,INTERGLOBE AVIATION LIMITED,OR1252605AB17877,Regular,02/05/2025,2579,Chhattisgarh,No,2456,123,0,0,0,May'25,11/06/2025,Yes,,100%,,,
21AABCI2726B1ZE,INTERGLOBE AVIATION LIMITED,OR1252605AB29430,Regular,05/05/2025,2794,Chhattisgarh,No,2661,133,0,0,0,May'25,11/06/2025,Yes,,100%,,,
21AABCI2726B1ZE,INTERGLOBE AVIATION LIMITED,OR1252605AB37418,Regular,07/05/2025,199,Chhattisgarh,No,190,9,0,0,0,May'25,11/06/2025,Yes,,100%,,,
21AABCI2726B1ZE,INTERGLOBE AVIATION LIMITED,OR1252605AB39141,Regular,07/05/2025,2837,Chhattisgarh,No,2702,135,0,0,0,May'25,11/06/2025,Yes,,100%,,,
21AABCI2726B1ZE,INTERGLOBE AVIATION LIMITED,OR1252605AB41973,Regular,08/05/2025,2837,Chhattisgarh,No,2702,135,0,0,0,May'25,11/06/2025,Yes,,100%,,,
21AABCI2726B1ZE,INTERGLOBE AVIATION LIMITED,OR1252605AB70052,Regular,15/05/2025,3052,Chhattisgarh,No,2907,145,0,0,0,May'25,11/06/2025,Yes,,100%,,,
22AALFS7164E1Z6,SURANA STORES,SS/25-26/461,Regular,05/05/2025,492600,Chhattisgarh,No,439821.42,0,26389.29,26389.29,0,May'25,11/06/2025,Yes,,100%,E-Invoice,159b58b84b1e67706b002cba7504085debed1dc7a190a55c37bd8c9786ea4c28,06/05/2025
22AGGPD1587P2Z6,Virad Enterprises,2025-26/01,Regular,09/04/2025,163961,Chhattisgarh,No,138950,0,12505.5,12505.5,0,Apr'25,12/05/2025,Yes,,100%,,,
22AAACE1741P1ZR,ARCELORMITTAL NIPPON STEEL INDIA PRIVATE LIMITED,CT20251000000071,Regular,09/05/2025,23.98,Chhattisgarh,No,19.98,0,2,2,0,May'25,10/06/2025,Yes,,100%,E-Invoice,e60a72e6952a2748cd2a4fc795bccc6f0f5e6bb1da877117a23dd486653d5289,09/05/2025
22AAACV2809D1ZW,VOLTAS LIMITED,I25221003240,Regular,20/05/2025,169782.33,Chhattisgarh,No,143883.33,0,12949.5,12949.5,0,May'25,09/06/2025,Yes,,100%,E-Invoice,4e4c9d69505638ea278ef1bba1d5c3a90ae8ef144b6d9291cf045158a3404035,20/05/2025
22ACHPJ3724F1Z2,ATUL PUBLICITY,APR/2025-26/0034,Regular,07/05/2025,41300,Chhattisgarh,No,35000,0,3150,3150,0,May'25,10/06/2025,Yes,,100%,,,
22ACHPJ3724F1Z2,ATUL PUBLICITY,APR/2025-26/0048,Regular,13/05/2025,26817,Chhattisgarh,No,25539.83,0,638.49,638.49,0,May'25,10/06/2025,Yes,,100%,E-Invoice,b91871e7fc0a7bc91e36dbab7cb7182e4e4125ead5f55c14817716d9896d1a00,14/05/2025
22ABUPA6174A2ZZ,SHRI SHYAM PLY HOME,SSPH/078/25-26,Regular,08/05/2025,144106,Chhattisgarh,No,122124.08,0,10991.17,10991.17,0,May'25,09/06/2025,Yes,,100%,,,
22AIFPH6319E1ZQ,BURHANI DOCUMENTATION SERVICES,2006,Regular,01/04/2025,1545.8,Chhattisgarh,No,1310,0,117.9,117.9,0,Apr'25,26/05/2025,Yes,,100%,,,
22AIFPH6319E1ZQ,BURHANI DOCUMENTATION SERVICES,2011,Regular,09/04/2025,2832,Chhattisgarh,No,2400,0,216,216,0,Apr'25,26/05/2025,Yes,,100%,,,
07AABCI2726B1Z4,Interglobe Aviation Limited,DL1252605AL67285,Regular,08/05/2025,6660,Chhattisgarh,No,6343,317,0,0,0,May'25,11/06/2025,Yes,,100%,,,
07AABCI2726B1Z4,Interglobe Aviation Limited,DL1252605AM45885,Regular,10/05/2025,199,Chhattisgarh,No,190,9,0,0,0,May'25,11/06/2025,Yes,,100%,,,
22ACYFS7224A1Z4,SHREE PADAM SPORTS,SPD/25-26/02970,Regular,15/05/2025,670,Chhattisgarh,No,593.66,0,38.17,38.17,0,May'25,11/06/2025,Yes,,100%,,,
22AZGPJ5916K1ZB,SWASTIK ENTERPRISES,SE/25-26/038,Regular,23/05/2025,23485,Chhattisgarh,No,19902.54,0,1791.23,1791.23,0,May'25,11/06/2025,Yes,,100%,,,
22DVMPP3402D1ZY,M/S ISAR ENERGY SYSTEMS,ISR/25-26/25,Regular,01/05/2025,1000,Chhattisgarh,No,781,0,109.34,109.34,0,May'25,02/06/2025,Yes,,100%,,,
22DVMPP3402D1ZY,M/S ISAR ENERGY SYSTEMS,ISR/25-26/28,Regular,08/05/2025,24734,Chhattisgarh,No,20675,0,2029.5,2029.5,0,May'25,02/06/2025,Yes,,100%,,,
10EOZPK1588C1ZR,GENOMIC LIFE SCIENCE,GLS/003/2025-26,Regular,09/04/2025,1200,Chhattisgarh,No,1016.95,183.05,0,0,0,Apr'25,14/05/2025,Yes,,100%,,,
09AACCN6194P1ZN,NATIONAL AVIATION COMPANY OF INDIA LTD (NORTHERN REGION),092612BP05AAB563,Regular,07/05/2025,10823,Chhattisgarh,No,9502,476,0,0,0,May'25,11/06/2025,Yes,,100%,,,
22AAGFC4604E1Z4,COMPU SHOPEE,MAY-183,Regular,23/05/2025,3300,Chhattisgarh,No,2796.61,0,251.69,251.69,0,May'25,11/06/2025,Yes,,100%,,,
06GWGPS2694Q1ZF,AVAIN LABS INTERNATIONAL,AL/25-26/75042,Regular,07/05/2025,41751,Chhattisgarh,No,35610.84,6140.16,0,0,0,May'25,10/06/2025,Yes,,100%,,,
22AAACS8577K1ZZ,STATE BANK OF INDIA,T0525221Z159,Regular,31/05/2025,7543.74,Chhattisgarh,No,6393,0,575.37,575.37,0,May'25,11/06/2025,Yes,,100%,,,
36ADHPT1560E1ZL,SRI RAJARAJESHWARA BOOK DEPOT KARIMNAGAR,3453,Regular,24/03/2025,3699,Chhattisgarh,No,3173.78,525.21,0,0,0,Mar'25,16/05/2025,Yes,,100%,,,
22CFEPK3286F2ZM,BASTARVEDA MARKETING,2025-26/01,Regular,02/05/2025,14694,Chhattisgarh,No,13120,0,787.2,787.2,0,May'25,10/06/2025,Yes,,100%,,,
22CFEPK3286F2ZM,BASTARVEDA MARKETING,2025-26/02,Regular,04/05/2025,83104,Chhattisgarh,No,74200,0,4452,4452,0,May'25,10/06/2025,Yes,,100%,,,
07ABOPF7835M2Z1,UNITY ADS & PRINT,UAP/25-26/058,Regular,28/05/2025,23109,Chhattisgarh,No,19584,3525,0,0,0,May'25,10/06/2025,Yes,,100%,,,
22AACCN6194P1ZZ,NATIONAL AVIATION COMPANY OF INDIA LTD (NORTHERN REGION),222612BP05AAA431,Regular,07/05/2025,12810,Chhattisgarh,No,11350,0,284,284,0,May'25,11/06/2025,Yes,,100%,,,
22AACCN6194P1ZZ,NATIONAL AVIATION COMPANY OF INDIA LTD (NORTHERN REGION),222612BP05AAA488,Regular,08/05/2025,6796,Chhattisgarh,No,5622,0,141,141,0,May'25,11/06/2025,Yes,,100%,,,
22AACCN6194P1ZZ,NATIONAL AVIATION COMPANY OF INDIA LTD (NORTHERN REGION),222612BP05AAA492,Regular,08/05/2025,6796,Chhattisgarh,No,5622,0,141,141,0,May'25,11/06/2025,Yes,,100%,,,
22AACCN6194P1ZZ,NATIONAL AVIATION COMPANY OF INDIA LTD (NORTHERN REGION),222612BP05AAA535,Regular,09/05/2025,8070,Chhattisgarh,No,6836,0,171,171,0,May'25,11/06/2025,Yes,,100%,,,
22AACCN6194P1ZZ,NATIONAL AVIATION COMPANY OF INDIA LTD (NORTHERN REGION),222612BP05AAB575,Regular,25/05/2025,4851,Chhattisgarh,No,3770,0,94.5,94.5,0,May'25,11/06/2025,Yes,,100%,,,
22AACCN6194P1ZZ,NATIONAL AVIATION COMPANY OF INDIA LTD (NORTHERN REGION),222612BP05AAB864,Regular,30/05/2025,9342,Chhattisgarh,No,8047,0,201.5,201.5,0,May'25,11/06/2025,Yes,,100%,,,
22AOFPV4825B1Z7,MAHAKAL ENTERPRISES,ME/25-26/0011,Regular,30/04/2025,600,Chhattisgarh,No,508.47,0,45.76,45.76,0,Apr'25,22/05/2025,Yes,,100%,,,
22AACFL3345F1ZT,LAKSHMI SCIENTIFIC WORKS,817,Regular,30/05/2025,149786,Chhattisgarh,No,126937.5,0,11424.38,11424.38,0,May'25,10/06/2025,Yes,,100%,E-Invoice,3f6726065af8fe54c468bfd80bdd9e47d1176321ee865fbc154216bb30f5edda,30/05/2025
22AXIPR8089F1Z2,R P COMPUTER,RP/25-26/22,Regular,15/05/2025,49399,Chhattisgarh,No,41863.56,0,3767.72,3767.72,0,May'25,11/06/2025,Yes,,100%,,,
21EEVPB3582M1Z3,M/S LAXMI TRADERS,2473,Regular,10/05/2025,94204.71,Odisha,No,79834.5,0,7185.11,7185.11,0,May'25,10/06/2025,No,POS and supplier state are same but recipient state is different,100%,,,
27AABCI2726B1Z2,INTERGLOBE AVIATION LIMITED,MH1252605AM03769,Regular,02/05/2025,5388,Chhattisgarh,No,5132,256,0,0,0,May'25,11/06/2025,Yes,,100%,,,
27AABCI2726B1Z2,INTERGLOBE AVIATION LIMITED,MH1252605AM19038,Regular,03/05/2025,7704,Chhattisgarh,No,7337,367,0,0,0,May'25,11/06/2025,Yes,,100%,,,
27AABCI2726B1Z2,INTERGLOBE AVIATION LIMITED,MH1252605AO00764,Regular,08/05/2025,5678,Chhattisgarh,No,5408,270,0,0,0,May'25,11/06/2025,Yes,,100%,,,
27AABCI2726B1Z2,INTERGLOBE AVIATION LIMITED,MH1252605AS41815,Regular,20/05/2025,15582,Chhattisgarh,No,14840,742,0,0,0,May'25,11/06/2025,Yes,,100%,,,
22AAICT5169Q1ZO,TAXI STAND TECHNOLOGIES PRIVATE LIMITED,TS/25-26/O-2,Regular,08/04/2025,5287.52,Chhattisgarh,No,4721,0,283.26,283.26,0,Apr'25,19/05/2025,Yes,,100%,,,
22AAICT5169Q1ZO,TAXI STAND TECHNOLOGIES PRIVATE LIMITED,TS/25-26/O-3,Regular,08/04/2025,6542.56,Chhattisgarh,No,5788,0,347.28,347.28,0,Apr'25,19/05/2025,Yes,,100%,,,
22AADFB1714D1ZD,B R INSTRUMENTS AND EQUIPMENTS,25-26/374,Regular,01/05/2025,29028,Chhattisgarh,No,24600,0,2214,2214,0,May'25,10/06/2025,Yes,,100%,,,
22ABJPV7290D2ZG,RAIPUR MACHINE TOOLS,53,Regular,06/02/2020,14679,Chhattisgarh,No,12440,0,1119.6,1119.6,0,Mar'20,21/05/2025,No,Return filed post annual cut-off,100%,,,
22AAEPI4358P1ZH,BHARAT ELECTRICALS STORES,44,Regular,01/05/2025,4965,Chhattisgarh,No,4208,0,378.72,378.72,0,May'25,13/06/2025,Yes,,100%,,,
22AAEPI4358P1ZH,BHARAT ELECTRICALS STORES,51,Regular,02/05/2025,4991,Chhattisgarh,No,4230,0,380.7,380.7,0,May'25,13/06/2025,Yes,,100%,,,
22AAEPI4358P1ZH,BHARAT ELECTRICALS STORES,54,Regular,03/05/2025,4366,Chhattisgarh,No,3700,0,333,333,0,May'25,13/06/2025,Yes,,100%,,,
22AAEPI4358P1ZH,BHARAT ELECTRICALS STORES,56,Regular,05/05/2025,3363,Chhattisgarh,No,2850,0,256.5,256.5,0,May'25,13/06/2025,Yes,,100%,,,
07AACCN6194P2ZQ,AIR INDIA LIMITED,072612BP05AAM970,Regular,02/05/2025,7503,Chhattisgarh,No,6689,335,0,0,0,May'25,11/06/2025,Yes,,100%,,,
07AACCN6194P2ZQ,AIR INDIA LIMITED,072612BP05ABU808,Regular,08/05/2025,5975,Chhattisgarh,No,5234,262,0,0,0,May'25,11/06/2025,Yes,,100%,,,
07AACCN6194P2ZQ,AIR INDIA LIMITED,072612BP05ABU907,Regular,08/05/2025,6892,Chhattisgarh,No,6107,306,0,0,0,May'25,11/06/2025,Yes,,100%,,,
07AACCN6194P2ZQ,AIR INDIA LIMITED,072612BP05AGE698,Regular,25/05/2025,20428,Chhattisgarh,No,18999,950,0,0,0,May'25,11/06/2025,Yes,,100%,,,
07AACCN6194P2ZQ,AIR INDIA LIMITED,072612BP05AHN391,Regular,30/05/2025,8929,Chhattisgarh,No,8047,403,0,0,0,May'25,11/06/2025,Yes,,100%,,,
19ACRPC7778A1ZA,INTECH CORPORATION,IC/20,Regular,10/05/2025,1097400,Chhattisgarh,No,930000,167400,0,0,0,May'25,11/06/2025,Yes,,100%,E-Invoice,6667b4c095c91f066defac2b5a6684af3ca98022b653c12c2934aa1348b46376,10/05/2025
27AAJCM7667D1Z4,MASTERSOFT ERP SOLUTIONS PRIVATE LIMITED,2025-2026/0077,Regular,28/05/2025,731600,Chhattisgarh,No,620000,111600,0,0,0,May'25,10/06/2025,Yes,,100%,E-Invoice,d0d9fcc21691507fdda76db16d9cb80922a3c5eaac6774a76d95f492e06a13b9,31/05/2025
09AABCI2726B1Z0,M/S  INTERGLOBE AVIATION LIMTED,UP1252605AC78828,Regular,02/05/2025,9698,Chhattisgarh,No,9236,462,0,0,0,May'25,11/06/2025,Yes,,100%,,,
09AABCI2726B1Z0,M/S  INTERGLOBE AVIATION LIMTED,UP1252605AC81612,Regular,03/05/2025,6019,Chhattisgarh,No,5732,287,0,0,0,May'25,11/06/2025,Yes,,100%,,,
09AABCI2726B1Z0,M/S  INTERGLOBE AVIATION LIMTED,UP1252605AD21221,Regular,07/05/2025,9078,Chhattisgarh,No,8646,432,0,0,0,May'25,11/06/2025,Yes,,100%,,,
22AAGCS0166A2Z0,SINGHANIA SAROVAR PORTICO,BQ6641BIL0000003,Regular,03/04/2025,103950,Chhattisgarh,No,99000,0,2475,2475,0,Apr'25,12/05/2025,Yes,,100%,,,
22AAGCS0166A2Z0,SINGHANIA SAROVAR PORTICO,BQ6641BIL0000021,Regular,18/04/2025,23940,Chhattisgarh,No,22800,0,570,570,0,Apr'25,12/05/2025,Yes,,100%,,,
22AAAGR0433H1ZS,RAIPUR HO,951658756,Regular,07/05/2025,14938.8,Chhattisgarh,No,12660,0,1139.4,1139.4,0,May'25,11/06/2025,Yes,,100%,,,
22AMLPK0715F1ZJ,RIYA COSMETIC,469,Regular,05/02/2025,21500,Chhattisgarh,No,18220.28,0,1639.83,1639.83,0,Mar'25,20/05/2025,Yes,,100%,,,
24AAGCH8319G1ZL,HANSGOLD CHEMDISCOVERIES PRIVATE LIMITED,HCL/30/25-26,Regular,29/05/2025,1684,Chhattisgarh,No,1427,256.86,0,0,0,May'25,09/06/2025,Yes,,100%,,,
22CLVPM7595N1ZY,MAMTA MACHINERIES,185,Regular,26/04/2025,2360,Chhattisgarh,No,2000,0,180,180,0,Apr'25,20/05/2025,Yes,,100%,,,
27AAACC7258B1ZW,CUMMINS INDIA LTD,26100052641,Regular,28/05/2025,101595.36,Chhattisgarh,No,86097.76,15497.6,0,0,0,May'25,10/06/2025,Yes,,100%,,,
24AABCI2726B1Z8,INTERGLOBE AVIATION LIMITED,GJ1252605AF66403,Regular,20/05/2025,7390,Chhattisgarh,No,7037,353,0,0,0,May'25,11/06/2025,Yes,,100%,,,
24AABCI2726B1Z8,INTERGLOBE AVIATION LIMITED,GJ1252605AG49192,Regular,28/05/2025,8370,Chhattisgarh,No,7971,399,0,0,0,May'25,11/06/2025,Yes,,100%,,,
24AABCI2726B1Z8,INTERGLOBE AVIATION LIMITED,GJ1252605AG50653,Regular,28/05/2025,8335,Chhattisgarh,No,7938,397,0,0,0,May'25,11/06/2025,Yes,,100%,,,
27ABGPD6959C1ZO,SCIENTIFIC CORPORATION,SC/2025-26/205,Regular,13/05/2025,1197000,Chhattisgarh,No,1014406.78,182593.22,0,0,0,May'25,11/06/2025,Yes,,100%,E-Invoice,2d98aab2d2b7a51f0f55df65231163ebc8761b74657e3fcb77c9bfc6d12bf9a3,13/05/2025
33AFWPD6479D1Z6,SWAM EQUIP,SE25INV002,Regular,12/05/2025,33127.91,Chhattisgarh,No,28074.5,5053.41,0,0,0,May'25,11/06/2025,Yes,,100%,,,
23AARFN7218E1Z8,NEXUS ENGINEERING WORKS,980,Regular,06/05/2025,64425,Chhattisgarh,No,54597.45,9827.54,0,0,0,May'25,09/06/2025,Yes,,100%,,,
22ANNPB1170A1ZV,Khandelwal Plastic Industries,KPI/25-26/01523,Regular,13/05/2025,164,Chhattisgarh,No,139.16,0,12.52,12.52,0,May'25,11/06/2025,Yes,,100%,,,
22AEVPJ6615H1ZC,COMPUTER SQUARE,CS1031,Regular,01/04/2025,2549,Chhattisgarh,No,2160.54,0,194.44,194.44,0,May'25,13/06/2025,Yes,,100%,,,
22AEVPJ6615H1ZC,COMPUTER SQUARE,CS1051,Regular,19/04/2025,4230,Chhattisgarh,No,3552.97,0,338.52,338.52,0,May'25,13/06/2025,Yes,,100%,,,
22AEVPJ6615H1ZC,COMPUTER SQUARE,CS1055,Regular,24/04/2025,1250,Chhattisgarh,No,1059.32,0,95.34,95.34,0,May'25,13/06/2025,Yes,,100%,,,
22ADUPM8776G1ZW,ALANKAR STATIONERS,Pos/05/79,Regular,06/05/2025,235,Chhattisgarh,No,203.7,0,15.66,15.66,0,May'25,10/06/2025,Yes,,100%,,,
22ATSPS6171K2Z0,CLEANTECH SERVICES AND WORKFORCE,CSW/25-26/129,Regular,10/05/2025,933653,Chhattisgarh,No,791231.35,0,71210.82,71210.82,0,May'25,10/06/2025,Yes,,100%,E-Invoice,86ef190bd921e7bd26d4f7ec05b07eb243f3eaa075406bc00f47406b38c34f35,10/05/2025
22AGJPM1884D1ZK,M/S MUNDHRA MARKETING,1264,Regular,27/03/2025,4740,Chhattisgarh,No,4159.48,0,290.25,290.25,0,Mar'25,14/05/2025,Yes,,100%,,,
29ABAFP2637B1ZI,PMC CORPORATION,PMCC/B0170,Regular,03/05/2025,23600,Chhattisgarh,No,20000,3600,0,0,0,May'25,06/06/2025,Yes,,100%,E-Invoice,96d8ce0078a25cc4484a73276cb10128843dde0e341217770122d3b03cb5b00e,03/05/2025
22ADEPB7546B1Z7,OM AGENCY,2025-26/007,Regular,06/05/2025,248390,Chhattisgarh,No,210500,0,18945,18945,0,May'25,10/06/2025,Yes,,100%,,,
09JGPPS7917L1Z4,M/S SILICA NANO SOLUTIONS,INV0103,Regular,18/04/2025,15694,Chhattisgarh,No,13300,2394,0,0,0,Apr'25,20/05/2025,Yes,,100%,,,
22AACFK7666E1ZG,KASLIWAL BROTHERS,363,Regular,01/05/2025,860,Chhattisgarh,No,729,0,65.61,65.61,0,May'25,10/06/2025,Yes,,100%,,,
22AACFK7666E1ZG,KASLIWAL BROTHERS,390,Regular,03/05/2025,19470,Chhattisgarh,No,16500,0,1485,1485,0,May'25,10/06/2025,Yes,,100%,,,
22AACFK7666E1ZG,KASLIWAL BROTHERS,420,Regular,07/05/2025,101,Chhattisgarh,No,85.6,0,7.7,7.7,0,May'25,10/06/2025,Yes,,100%,,,
22AACFK7666E1ZG,KASLIWAL BROTHERS,421,Regular,07/05/2025,115.2,Chhattisgarh,No,97.62,0,8.79,8.79,0,May'25,10/06/2025,Yes,,100%,,,
22AACFK7666E1ZG,KASLIWAL BROTHERS,462,Regular,13/05/2025,3154,Chhattisgarh,No,2673,0,240.57,240.57,0,May'25,10/06/2025,Yes,,100%,,,
22AACFK7666E1ZG,KASLIWAL BROTHERS,511,Regular,15/05/2025,19470,Chhattisgarh,No,16500,0,1485,1485,0,May'25,10/06/2025,Yes,,100%,,,
22AACFK7666E1ZG,KASLIWAL BROTHERS,588,Regular,21/05/2025,47802,Chhattisgarh,No,40510,0,3645.9,3645.9,0,May'25,10/06/2025,Yes,,100%,,,
22AACFK7666E1ZG,KASLIWAL BROTHERS,618,Regular,26/05/2025,814,Chhattisgarh,No,690,0,62.1,62.1,0,May'25,10/06/2025,Yes,,100%,,,
22AACFK7666E1ZG,KASLIWAL BROTHERS,647,Regular,26/05/2025,425,Chhattisgarh,No,360,0,32.4,32.4,0,May'25,10/06/2025,Yes,,100%,,,
22AACFK7666E1ZG,KASLIWAL BROTHERS,682,Regular,27/05/2025,9310,Chhattisgarh,No,7890,0,710.1,710.1,0,May'25,10/06/2025,Yes,,100%,,,
27CDEPM2102E1Z4,TECHINSTRO INNOVATIONS,TECH/25-26/0032,Regular,27/05/2025,55763.99,Chhattisgarh,No,47257.62,8506.37,0,0,0,May'25,11/06/2025,Yes,,100%,,,
22AAECS1548J1ZG,SCHINDLER INDIA PRIVATE LIMITED,CI2200008967,Regular,30/05/2025,106273.16,Chhattisgarh,No,90062,0,8105.58,8105.58,0,May'25,07/06/2025,Yes,,100%,E-Invoice,3778709454d70ae3e31fe90c21cc164141c31ea63724dd7f40dd063d7465decf,31/05/2025
23AAACL0916F1Z4,LIPI DATA SYSTEMS LIMITED,1625067000004,Regular,02/05/2025,7080,Chhattisgarh,No,6000,1080,0,0,0,May'25,10/06/2025,Yes,,100%,,,
23AAACL0916F1Z4,LIPI DATA SYSTEMS LIMITED,1625067000014,Regular,07/05/2025,7080,Chhattisgarh,No,6000,1080,0,0,0,May'25,10/06/2025,Yes,,100%,,,
22AAFFA2189K1ZI,A.S. ASSOCIATES,2025-26/044,Regular,22/05/2025,10421,Chhattisgarh,No,9925.12,0,248.13,248.13,0,May'25,10/06/2025,Yes,,100%,,,
22AAEFI0243H1ZZ,ICE CUBES SERVICES,CS25/37,Regular,30/04/2025,1680,Chhattisgarh,No,1600,0,40,40,0,Apr'25,24/05/2025,Yes,,100%,E-Invoice,9be26b986d90372e029803ca56ef34a5d8eebfd889340d3b0103bfe272b72d31,03/05/2025
22AAEFI0243H1ZZ,ICE CUBES SERVICES,MS25/77,Regular,21/04/2025,15623,Chhattisgarh,No,14879,0,372,372,0,Apr'25,24/05/2025,Yes,,100%,E-Invoice,6c510990ba5f7ee46dc21c5c64b6d2799e5c99e4945d20b2fe597c22ebb8d90b,03/05/2025
08AHEPG5122E1ZU,SURYA HOME APPLIENCE,S00253,Regular,28/05/2025,32472,Chhattisgarh,No,27518.64,4953.36,0,0,0,May'25,11/06/2025,Yes,,100%,,,
22ADZPA0988P1ZU,HITECH SOLUTIONS,HT25-26/MAY/2384,Regular,27/05/2025,23000,Chhattisgarh,No,19491.53,0,1754.24,1754.24,0,May'25,10/06/2025,Yes,,100%,,,
06DJMPS0740B1ZE,TECHCURVE SOLUTIONS,TS/INV/2526/101,Regular,17/05/2025,944000,Chhattisgarh,No,800000,144000,0,0,0,May'25,10/06/2025,Yes,,100%,,,
22AADCC3368D1Z4,M/S CASYON MULTI ELECTRONICS PVT. LTD.,20250526,Regular,10/05/2025,3334,Chhattisgarh,No,2825,0,254.25,254.25,0,May'25,11/06/2025,Yes,,100%,,,
07AAUCA3254F1ZK,ACHIEVERS SPECTRUM PRIVATE LIMITED,ASPL/2025-26/61,Regular,27/05/2025,27993,Chhattisgarh,No,23722.85,4270.11,0,0,0,May'25,10/06/2025,Yes,,100%,E-Invoice,1416db4b4ee876ed16ac3b1530e2eaea77f095cb75f36d94f3b5018ee7cb85eb,27/05/2025
22ALUPB4571C1ZD,GALAXY INTERNATIONAL,GI/G/25-26/0283,Regular,12/05/2025,7552,Chhattisgarh,No,6400,0,576,576,0,May'25,05/06/2025,Yes,,100%,,,
22ADNPY9120F1ZD,YADAW TRADERS,2025-26/04,Regular,28/04/2025,135849.86,Chhattisgarh,No,115127,0,10361.43,10361.43,0,May'25,11/06/2025,Yes,,100%,,,
22ADNPY9120F1ZD,YADAW TRADERS,2025-26/05,Regular,05/05/2025,11929.8,Chhattisgarh,No,10110,0,909.9,909.9,0,May'25,11/06/2025,Yes,,100%,,,
22ADNPY9120F1ZD,YADAW TRADERS,2025-26/06,Regular,07/05/2025,3976.6,Chhattisgarh,No,3370,0,303.3,303.3,0,May'25,11/06/2025,Yes,,100%,,,
22ADNPY9120F1ZD,YADAW TRADERS,2025-26/07,Regular,15/05/2025,4771.92,Chhattisgarh,No,4044,0,363.96,363.96,0,May'25,11/06/2025,Yes,,100%,,,
22ADNPY9120F1ZD,YADAW TRADERS,2025-26/08,Regular,16/05/2025,20121.6,Chhattisgarh,No,15720,0,2200.8,2200.8,0,May'25,11/06/2025,Yes,,100%,,,
22ADNPY9120F1ZD,YADAW TRADERS,2025-26/09,Regular,19/05/2025,3181.28,Chhattisgarh,No,2696,0,242.64,242.64,0,May'25,11/06/2025,Yes,,100%,,,
22ADNPY9120F1ZD,YADAW TRADERS,2025-26/10,Regular,20/05/2025,69312.02,Chhattisgarh,No,58739,0,5286.51,5286.51,0,May'25,11/06/2025,Yes,,100%,,,
22AANCR2569R1ZL,RAIPUR METALLURGICAL LAB PRIVATE LIMITED,RMLPL/25-26/0150,Regular,08/05/2025,1298,Chhattisgarh,No,1100,0,99,99,0,May'25,09/06/2025,Yes,,100%,,,
22AACCE4671N1ZI,NOVATEUR ELECTRICAL & DIGITAL SYSTEMS PRIVATE LIMITED,5280002360,Regular,13/05/2025,6490,Chhattisgarh,No,5500,0,495,495,0,May'25,11/06/2025,Yes,,100%,E-Invoice,321a783f81547e180f4c3d75da5521bf1ecb2b6bb6cdbdb5511b9fba3e6476f8,13/05/2025
22AMAPA9182F2ZG,Logo Designer & Printers,1,Regular,01/04/2025,3970,Chhattisgarh,No,3365,0,302.85,302.85,0,May'25,02/06/2025,Yes,,100%,,,
22EFYPS8040P1ZE,DEV COMPUTER,DC/APR/25-26/93,Regular,25/04/2025,2850,Chhattisgarh,No,2415.26,0,217.37,217.37,0,Apr'25,20/05/2025,Yes,,100%,,,
22AAHFJ9257D1ZF,J. K. PAPER INDUSTRIES,JK/CR/25-26/0177,Regular,06/05/2025,2110,Chhattisgarh,No,1883.93,0,113.04,113.04,0,May'25,10/06/2025,Yes,,100%,E-Invoice,bc2bcb1402f391d5828e2d4d48220d2a0ecc0a1dda0833d1615d2032cc7ed28a,06/05/2025
22AAMCR6381A1ZJ,REELON AIR PRIVATE LIMITED,RA25015,Regular,03/05/2025,249700,Chhattisgarh,No,211610.17,0,19044.92,19044.92,0,May'25,11/06/2025,Yes,,100%,,,
22ALKPT9589L2Z1,SHRI NARAYAN GLASS,187,Regular,08/05/2025,8000,Chhattisgarh,No,6780,0,610.2,610.2,0,May'25,11/06/2025,Yes,,100%,,,
22ALKPT9589L2Z1,SHRI NARAYAN GLASS,188,Regular,13/05/2025,8000,Chhattisgarh,No,6780,0,610.2,610.2,0,May'25,11/06/2025,Yes,,100%,,,
22ALKPT9589L2Z1,SHRI NARAYAN GLASS,189,Regular,19/05/2025,8500,Chhattisgarh,No,7204,0,648.36,648.36,0,May'25,11/06/2025,Yes,,100%,,,
22GDKPS4844H1Z7,R.K. ENTERPRISES,RKE/2025-26/03,Regular,05/05/2025,43955,Chhattisgarh,No,37250,0,3352.5,3352.5,0,May'25,06/06/2025,Yes,,100%,,,
07BKSPP7066A1ZU,SHIV TRADERS,ST/1071/25-26,Regular,22/05/2025,2375,Chhattisgarh,No,2013.03,362.35,0,0,0,May'25,11/06/2025,Yes,,100%,,,
22AABCW4001H1ZY,WELFARE INFOTECH PRIVATE LIMITED,W/MAY/25-26/127,Regular,19/05/2025,15930,Chhattisgarh,No,13500,0,1215,1215,0,May'25,11/06/2025,Yes,,100%,,,
22AABCW4001H1ZY,WELFARE INFOTECH PRIVATE LIMITED,W/MAY/25-26/132,Regular,19/05/2025,7670,Chhattisgarh,No,6500,0,585,585,0,May'25,11/06/2025,Yes,,100%,,,
22AACCV1726H1ZO,Croma,SLA350370931668,Regular,24/05/2025,7399,Chhattisgarh,No,6270.32,0,564.34,564.34,0,May'25,10/06/2025,Yes,,100%,E-Invoice,a454609933b9e6241429dda26a7736822964d1de36d439c6468f6961d06a3779,24/05/2025
22AEJPC6339M1ZF,LAXMI STATIONERY STORES,GST/01719/25-26,Regular,03/05/2025,120,Chhattisgarh,No,101.69,0,9.15,9.15,0,May'25,09/06/2025,Yes,,100%,,,
22AEJPC6339M1ZF,LAXMI STATIONERY STORES,GST/01898/25-26,Regular,08/05/2025,150,Chhattisgarh,No,127.12,0,11.44,11.44,0,May'25,09/06/2025,Yes,,100%,,,
22AEJPC6339M1ZF,LAXMI STATIONERY STORES,GST/01934/25-26,Regular,08/05/2025,1000,Chhattisgarh,No,882.86,0,58.57,58.57,0,May'25,09/06/2025,Yes,,100%,,,
06AAACI2300N1ZW,LIBSYS LIMITED,GLIB2503028Q1,Regular,10/03/2025,77438,Chhattisgarh,No,65625,11812.5,0,0,0,Mar'25,20/05/2025,Yes,,100%,E-Invoice,92f93b32aef650d571c1cb02ffa5a0d05e545785227e39a7306da3539d9ef5a2,10/03/2025
22ADNPJ2778E1ZK,BHAGAT TRADERS,CR100,Regular,23/05/2025,605,Chhattisgarh,No,512.5,0,46.13,46.13,0,May'25,07/06/2025,Yes,,100%,,,
22ADNPJ2778E1ZK,BHAGAT TRADERS,CR104,Regular,26/05/2025,3299,Chhattisgarh,No,2796,0,251.64,251.64,0,May'25,07/06/2025,Yes,,100%,,,
22ADNPJ2778E1ZK,BHAGAT TRADERS,CR105,Regular,27/05/2025,3979,Chhattisgarh,No,3372,0,303.48,303.48,0,May'25,07/06/2025,Yes,,100%,,,
22ADNPJ2778E1ZK,BHAGAT TRADERS,CR60,Regular,02/05/2025,470,Chhattisgarh,No,398,0,35.82,35.82,0,May'25,07/06/2025,Yes,,100%,,,
22ADNPJ2778E1ZK,BHAGAT TRADERS,CR63,Regular,06/05/2025,4140,Chhattisgarh,No,3508.75,0,315.79,315.79,0,May'25,07/06/2025,Yes,,100%,,,
22ADNPJ2778E1ZK,BHAGAT TRADERS,CR63A,Regular,07/05/2025,1653,Chhattisgarh,No,1400.5,0,126.05,126.05,0,May'25,07/06/2025,Yes,,100%,,,
22ADNPJ2778E1ZK,BHAGAT TRADERS,CR65,Regular,09/05/2025,2264,Chhattisgarh,No,1919,0,172.71,172.71,0,May'25,07/06/2025,Yes,,100%,,,
22ADNPJ2778E1ZK,BHAGAT TRADERS,CR68,Regular,10/05/2025,3517,Chhattisgarh,No,2980.72,0,268.26,268.26,0,May'25,07/06/2025,Yes,,100%,,,
22ADNPJ2778E1ZK,BHAGAT TRADERS,CR69,Regular,13/05/2025,4051,Chhattisgarh,No,3433.2,0,308.99,308.99,0,May'25,07/06/2025,Yes,,100%,,,
22AABCI2726B1ZC,INTERGLOBE AVIATION LIMITED,CG1252605AA94979,Regular,02/05/2025,2687,Chhattisgarh,No,2559,0,64,64,0,May'25,11/06/2025,Yes,,100%,,,
22AABCI2726B1ZC,INTERGLOBE AVIATION LIMITED,CG1252605AA95819,Regular,02/05/2025,9102,Chhattisgarh,No,8669,0,216.5,216.5,0,May'25,11/06/2025,Yes,,100%,,,
22AABCI2726B1ZC,INTERGLOBE AVIATION LIMITED,CG1252605AA96114,Regular,02/05/2025,6421,Chhattisgarh,No,6115,0,153,153,0,May'25,11/06/2025,Yes,,100%,,,
22AABCI2726B1ZC,INTERGLOBE AVIATION LIMITED,CG1252605AA96726,Regular,02/05/2025,4982,Chhattisgarh,No,4745,0,118.5,118.5,0,May'25,11/06/2025,Yes,,100%,,,
22AABCI2726B1ZC,INTERGLOBE AVIATION LIMITED,CG1252605AA96753,Regular,02/05/2025,199,Chhattisgarh,No,190,0,4.5,4.5,0,May'25,11/06/2025,Yes,,100%,,,
22AABCI2726B1ZC,INTERGLOBE AVIATION LIMITED,CG1252605AA97103,Regular,02/05/2025,10003,Chhattisgarh,No,9527,0,238,238,0,May'25,11/06/2025,Yes,,100%,,,
22AABCI2726B1ZC,INTERGLOBE AVIATION LIMITED,CG1252605AA98409,Regular,02/05/2025,8819,Chhattisgarh,No,8399,0,210,210,0,May'25,11/06/2025,Yes,,100%,,,
22AABCI2726B1ZC,INTERGLOBE AVIATION LIMITED,CG1252605AB00782,Regular,03/05/2025,6217,Chhattisgarh,No,5921,0,148,148,0,May'25,11/06/2025,Yes,,100%,,,
22AABCI2726B1ZC,INTERGLOBE AVIATION LIMITED,CG1252605AB05929,Regular,05/05/2025,2794,Chhattisgarh,No,2661,0,66.5,66.5,0,May'25,11/06/2025,Yes,,100%,,,
22AABCI2726B1ZC,INTERGLOBE AVIATION LIMITED,CG1252605AB06767,Regular,05/05/2025,4409,Chhattisgarh,No,4199,0,105,105,0,May'25,11/06/2025,Yes,,100%,,,
22AABCI2726B1ZC,INTERGLOBE AVIATION LIMITED,CG1252605AB08247,Regular,06/05/2025,6139,Chhattisgarh,No,5847,0,146,146,0,May'25,11/06/2025,Yes,,100%,,,
22AABCI2726B1ZC,INTERGLOBE AVIATION LIMITED,CG1252605AB08974,Regular,06/05/2025,5521,Chhattisgarh,No,5259,0,131,131,0,May'25,11/06/2025,Yes,,100%,,,
22AABCI2726B1ZC,INTERGLOBE AVIATION LIMITED,CG1252605AB09345,Regular,06/05/2025,8128,Chhattisgarh,No,7741,0,193.5,193.5,0,May'25,11/06/2025,Yes,,100%,,,
22AABCI2726B1ZC,INTERGLOBE AVIATION LIMITED,CG1252605AB10079,Regular,06/05/2025,8778,Chhattisgarh,No,8360,0,209,209,0,May'25,11/06/2025,Yes,,100%,,,
22AABCI2726B1ZC,INTERGLOBE AVIATION LIMITED,CG1252605AB10930,Regular,07/05/2025,199,Chhattisgarh,No,190,0,4.5,4.5,0,May'25,11/06/2025,Yes,,100%,,,
22AABCI2726B1ZC,INTERGLOBE AVIATION LIMITED,CG1252605AB13262,Regular,07/05/2025,8735,Chhattisgarh,No,8319,0,208,208,0,May'25,11/06/2025,Yes,,100%,,,
22AABCI2726B1ZC,INTERGLOBE AVIATION LIMITED,CG1252605AB13531,Regular,07/05/2025,4624,Chhattisgarh,No,4404,0,110,110,0,May'25,11/06/2025,Yes,,100%,,,
22AABCI2726B1ZC,INTERGLOBE AVIATION LIMITED,CG1252605AB13567,Regular,07/05/2025,199,Chhattisgarh,No,190,0,4.5,4.5,0,May'25,11/06/2025,Yes,,100%,,,
22AABCI2726B1ZC,INTERGLOBE AVIATION LIMITED,CG1252605AB13797,Regular,07/05/2025,2837,Chhattisgarh,No,2702,0,67.5,67.5,0,May'25,11/06/2025,Yes,,100%,,,
22AABCI2726B1ZC,INTERGLOBE AVIATION LIMITED,CG1252605AB14589,Regular,08/05/2025,5585,Chhattisgarh,No,5319,0,133,133,0,May'25,11/06/2025,Yes,,100%,,,
22AABCI2726B1ZC,INTERGLOBE AVIATION LIMITED,CG1252605AB14639,Regular,08/05/2025,4409,Chhattisgarh,No,4199,0,105,105,0,May'25,11/06/2025,Yes,,100%,,,
22AABCI2726B1ZC,INTERGLOBE AVIATION LIMITED,CG1252605AB15080,Regular,08/05/2025,5505,Chhattisgarh,No,5243,0,131,131,0,May'25,11/06/2025,Yes,,100%,,,
22AABCI2726B1ZC,INTERGLOBE AVIATION LIMITED,CG1252605AB15649,Regular,08/05/2025,4344,Chhattisgarh,No,4137,0,103.5,103.5,0,May'25,11/06/2025,Yes,,100%,,,
22AABCI2726B1ZC,INTERGLOBE AVIATION LIMITED,CG1252605AB16034,Regular,08/05/2025,2837,Chhattisgarh,No,2702,0,67.5,67.5,0,May'25,11/06/2025,Yes,,100%,,,
22AABCI2726B1ZC,INTERGLOBE AVIATION LIMITED,CG1252605AB16959,Regular,08/05/2025,2944,Chhattisgarh,No,2804,0,70,70,0,May'25,11/06/2025,Yes,,100%,,,
22AABCI2726B1ZC,INTERGLOBE AVIATION LIMITED,CG1252605AB18616,Regular,09/05/2025,4659,Chhattisgarh,No,4437,0,111,111,0,May'25,11/06/2025,Yes,,100%,,,
22AABCI2726B1ZC,INTERGLOBE AVIATION LIMITED,CG1252605AB19595,Regular,09/05/2025,5898,Chhattisgarh,No,5618,0,140,140,0,May'25,11/06/2025,Yes,,100%,,,
22AABCI2726B1ZC,INTERGLOBE AVIATION LIMITED,CG1252605AB19671,Regular,09/05/2025,8216,Chhattisgarh,No,7825,0,195.5,195.5,0,May'25,11/06/2025,Yes,,100%,,,
22AABCI2726B1ZC,INTERGLOBE AVIATION LIMITED,CG1252605AB20652,Regular,10/05/2025,199,Chhattisgarh,No,190,0,4.5,4.5,0,May'25,11/06/2025,Yes,,100%,,,
22AABCI2726B1ZC,INTERGLOBE AVIATION LIMITED,CG1252605AB24920,Regular,12/05/2025,3913,Chhattisgarh,No,3727,0,93,93,0,May'25,11/06/2025,Yes,,100%,,,
22AABCI2726B1ZC,INTERGLOBE AVIATION LIMITED,CG1252605AB28590,Regular,13/05/2025,5656,Chhattisgarh,No,5387,0,134.5,134.5,0,May'25,11/06/2025,Yes,,100%,,,
22AABCI2726B1ZC,INTERGLOBE AVIATION LIMITED,CG1252605AB31247,Regular,14/05/2025,7677,Chhattisgarh,No,7312,0,182.5,182.5,0,May'25,11/06/2025,Yes,,100%,,,
22AABCI2726B1ZC,INTERGLOBE AVIATION LIMITED,CG1252605AB32731,Regular,14/05/2025,4085,Chhattisgarh,No,3890,0,97.5,97.5,0,May'25,11/06/2025,Yes,,100%,,,
22AABCI2726B1ZC,INTERGLOBE AVIATION LIMITED,CG1252605AB32964,Regular,14/05/2025,4755,Chhattisgarh,No,4529,0,113,113,0,May'25,11/06/2025,Yes,,100%,,,
22AABCI2726B1ZC,INTERGLOBE AVIATION LIMITED,CG1252605AB33190,Regular,14/05/2025,499,Chhattisgarh,No,475,0,12,12,0,May'25,11/06/2025,Yes,,100%,,,
22AABCI2726B1ZC,INTERGLOBE AVIATION LIMITED,CG1252605AB33462,Regular,14/05/2025,276,Chhattisgarh,No,263,0,6.5,6.5,0,May'25,11/06/2025,Yes,,100%,,,
22AABCI2726B1ZC,INTERGLOBE AVIATION LIMITED,CG1252605AB33818,Regular,14/05/2025,10520,Chhattisgarh,No,10019,0,250.5,250.5,0,May'25,11/06/2025,Yes,,100%,,,
22AABCI2726B1ZC,INTERGLOBE AVIATION LIMITED,CG1252605AB34190,Regular,14/05/2025,6748,Chhattisgarh,No,6427,0,160.5,160.5,0,May'25,11/06/2025,Yes,,100%,,,
22AABCI2726B1ZC,INTERGLOBE AVIATION LIMITED,CG1252605AB34238,Regular,14/05/2025,499,Chhattisgarh,No,475,0,12,12,0,May'25,11/06/2025,Yes,,100%,,,
22AABCI2726B1ZC,INTERGLOBE AVIATION LIMITED,CG1252605AB34977,Regular,15/05/2025,3052,Chhattisgarh,No,2907,0,72.5,72.5,0,May'25,11/06/2025,Yes,,100%,,,
22AABCI2726B1ZC,INTERGLOBE AVIATION LIMITED,CG1252605AB34988,Regular,15/05/2025,5204,Chhattisgarh,No,4956,0,124,124,0,May'25,11/06/2025,Yes,,100%,,,
22AABCI2726B1ZC,INTERGLOBE AVIATION LIMITED,CG1252605AB35569,Regular,15/05/2025,199,Chhattisgarh,No,190,0,4.5,4.5,0,May'25,11/06/2025,Yes,,100%,,,
22AABCI2726B1ZC,INTERGLOBE AVIATION LIMITED,CG1252605AB35882,Regular,15/05/2025,5156,Chhattisgarh,No,4911,0,122.5,122.5,0,May'25,11/06/2025,Yes,,100%,,,
22AABCI2726B1ZC,INTERGLOBE AVIATION LIMITED,CG1252605AB37001,Regular,15/05/2025,5054,Chhattisgarh,No,4813,0,120.5,120.5,0,May'25,11/06/2025,Yes,,100%,,,
22AABCI2726B1ZC,INTERGLOBE AVIATION LIMITED,CG1252605AB37306,Regular,15/05/2025,499,Chhattisgarh,No,475,0,12,12,0,May'25,11/06/2025,Yes,,100%,,,
22AABCI2726B1ZC,INTERGLOBE AVIATION LIMITED,CG1252605AB37394,Regular,15/05/2025,499,Chhattisgarh,No,475,0,12,12,0,May'25,11/06/2025,Yes,,100%,,,
22AABCI2726B1ZC,INTERGLOBE AVIATION LIMITED,CG1252605AB37825,Regular,15/05/2025,5204,Chhattisgarh,No,4956,0,124,124,0,May'25,11/06/2025,Yes,,100%,,,
22AABCI2726B1ZC,INTERGLOBE AVIATION LIMITED,CG1252605AB39080,Regular,16/05/2025,5289,Chhattisgarh,No,5037,0,126,126,0,May'25,11/06/2025,Yes,,100%,,,
22AABCI2726B1ZC,INTERGLOBE AVIATION LIMITED,CG1252605AB39749,Regular,16/05/2025,10137,Chhattisgarh,No,9654,0,241.5,241.5,0,May'25,11/06/2025,Yes,,100%,,,
22AABCI2726B1ZC,INTERGLOBE AVIATION LIMITED,CG1252605AB40713,Regular,16/05/2025,499,Chhattisgarh,No,475,0,12,12,0,May'25,11/06/2025,Yes,,100%,,,
22AABCI2726B1ZC,INTERGLOBE AVIATION LIMITED,CG1252605AB52791,Regular,20/05/2025,12748,Chhattisgarh,No,12140,0,304,304,0,May'25,11/06/2025,Yes,,100%,,,
22AABCI2726B1ZC,INTERGLOBE AVIATION LIMITED,CG1252605AB53832,Regular,20/05/2025,3936,Chhattisgarh,No,3748,0,94,94,0,May'25,11/06/2025,Yes,,100%,,,
22AABCI2726B1ZC,INTERGLOBE AVIATION LIMITED,CG1252605AB55076,Regular,20/05/2025,3966,Chhattisgarh,No,3777,0,94.5,94.5,0,May'25,11/06/2025,Yes,,100%,,,
22AABCI2726B1ZC,INTERGLOBE AVIATION LIMITED,CG1252605AB59933,Regular,22/05/2025,4624,Chhattisgarh,No,4404,0,110,110,0,May'25,11/06/2025,Yes,,100%,,,
22AABCI2726B1ZC,INTERGLOBE AVIATION LIMITED,CG1252605AB60485,Regular,22/05/2025,3770,Chhattisgarh,No,3590,0,90,90,0,May'25,11/06/2025,Yes,,100%,,,
22AABCI2726B1ZC,INTERGLOBE AVIATION LIMITED,CG1252605AB62537,Regular,22/05/2025,3969,Chhattisgarh,No,3780,0,94.5,94.5,0,May'25,11/06/2025,Yes,,100%,,,
22AABCI2726B1ZC,INTERGLOBE AVIATION LIMITED,CG1252605AB71706,Regular,26/05/2025,199,Chhattisgarh,No,190,0,4.5,4.5,0,May'25,11/06/2025,Yes,,100%,,,
22AABCI2726B1ZC,INTERGLOBE AVIATION LIMITED,CG1252605AB72473,Regular,26/05/2025,8014,Chhattisgarh,No,7632,0,191,191,0,May'25,11/06/2025,Yes,,100%,,,
22AABCI2726B1ZC,INTERGLOBE AVIATION LIMITED,CG1252605AB76332,Regular,27/05/2025,4454,Chhattisgarh,No,4242,0,106,106,0,May'25,11/06/2025,Yes,,100%,,,
22AABCI2726B1ZC,INTERGLOBE AVIATION LIMITED,CG1252605AB76901,Regular,27/05/2025,199,Chhattisgarh,No,190,0,4.5,4.5,0,May'25,11/06/2025,Yes,,100%,,,
22AABCI2726B1ZC,INTERGLOBE AVIATION LIMITED,CG1252605AB79155,Regular,28/05/2025,5496,Chhattisgarh,No,5234,0,131,131,0,May'25,11/06/2025,Yes,,100%,,,
22AABCI2726B1ZC,INTERGLOBE AVIATION LIMITED,CG1252605AB81434,Regular,29/05/2025,17283,Chhattisgarh,No,16461,0,411,411,0,May'25,11/06/2025,Yes,,100%,,,
22AABCI2726B1ZC,INTERGLOBE AVIATION LIMITED,CG1252605AB81884,Regular,29/05/2025,15764,Chhattisgarh,No,15014,0,375,375,0,May'25,11/06/2025,Yes,,100%,,,
22AABCI2726B1ZC,INTERGLOBE AVIATION LIMITED,CG1252605AB82240,Regular,29/05/2025,199,Chhattisgarh,No,190,0,4.5,4.5,0,May'25,11/06/2025,Yes,,100%,,,
22AABCI2726B1ZC,INTERGLOBE AVIATION LIMITED,CG1252605AB82571,Regular,29/05/2025,199,Chhattisgarh,No,190,0,4.5,4.5,0,May'25,11/06/2025,Yes,,100%,,,
22AABCI2726B1ZC,INTERGLOBE AVIATION LIMITED,CG1252605AB83367,Regular,29/05/2025,15764,Chhattisgarh,No,15014,0,375,375,0,May'25,11/06/2025,Yes,,100%,,,
22AABCI2726B1ZC,INTERGLOBE AVIATION LIMITED,CG1252605AB83618,Regular,29/05/2025,199,Chhattisgarh,No,190,0,4.5,4.5,0,May'25,11/06/2025,Yes,,100%,,,
22AAACB2894G1ZX,BHARTI AIRTEL LIMITED,MF2622I000086660,Regular,21/05/2025,470.82,Chhattisgarh,No,399,0,35.91,35.91,0,May'25,10/06/2025,Yes,,100%,E-Invoice,df99db3abdec501c959fe8a46d37af505ed0ae6f0601b8d2301700364baaa0b8,21/05/2025
22AAACB2894G1ZX,BHARTI AIRTEL LIMITED,MF2622I000089095,Regular,21/05/2025,352.82,Chhattisgarh,No,299,0,26.91,26.91,0,May'25,10/06/2025,Yes,,100%,E-Invoice,6139918bced2bd521658732d385aab90cdc38ac65e4e65d6efbfa2e080dd3420,21/05/2025
29AABCO6474A1ZH,OPAL -RT TECHNOLOGIES INDIA PRIVATE LIMITED,7/2025-26,Regular,23/05/2025,1594770,Chhattisgarh,No,1351500,243270,0,0,0,May'25,07/06/2025,Yes,,100%,E-Invoice,6451a5867585a7301e24e4b9458f9aaf670469c0267a43bdadc83cfd2e2d34fc,23/05/2025
22ALOPM1868M2ZK,Padma Enterprises,51,Regular,10/03/2025,19370,Chhattisgarh,No,16415.25,0,1477.37,1477.37,0,Apr'25,23/05/2025,Yes,,100%,,,
07AAECK2660D1ZU,KSG AUTOMATION PVT. LTD.,DEL/0719/25,Regular,29/05/2025,20400,Chhattisgarh,No,17288.13,3111.86,0,0,0,May'25,10/06/2025,Yes,,100%,,,
22AJJPS3590H1Z0,SURANA ENTERPRISES,SE/25-26/045,Regular,31/05/2025,597,Chhattisgarh,No,506,0,45.54,45.54,0,May'25,10/06/2025,Yes,,100%,E-Invoice,c4f140647999dc65513f1d9bd878efd868c2fecded8c963f4af2b7a2d3b115cb,31/05/2025